{
  "minecraft:recipes/transportation/acacia_boat": {
    "criteria": {
      "entered_water": "2018-10-14 21:00:40 -0400"
    },
    "done": true
  },
  "minecraft:recipes/transportation/dark_oak_boat": {
    "criteria": {
      "entered_water": "2018-10-14 21:00:40 -0400"
    },
    "done": true
  },
  "minecraft:recipes/transportation/birch_boat": {
    "criteria": {
      "entered_water": "2018-10-14 21:00:40 -0400"
    },
    "done": true
  },
  "minecraft:recipes/transportation/boat": {
    "criteria": {
      "entered_water": "2018-10-14 21:00:40 -0400"
    },
    "done": true
  },
  "minecraft:recipes/transportation/jungle_boat": {
    "criteria": {
      "entered_water": "2018-10-14 21:00:40 -0400"
    },
    "done": true
  },
  "minecraft:recipes/transportation/spruce_boat": {
    "criteria": {
      "entered_water": "2018-10-14 21:00:40 -0400"
    },
    "done": true
  },
  "minecraft:adventure/adventuring_time": {
    "criteria": {
      "forest": "2018-10-14 21:01:42 -0400",
      "deep_ocean": "2018-10-14 21:00:41 -0400",
      "beaches": "2018-10-14 21:01:41 -0400",
      "plains": "2018-10-14 21:03:17 -0400",
      "ocean": "2018-10-14 21:01:08 -0400",
      "cold_beach": "2018-10-14 21:01:13 -0400",
      "river": "2018-10-14 21:01:15 -0400"
    },
    "done": false
  }
}